	Country,Other	TotalCases	NewCases	TotalDeaths	NewDeaths	TotalRecovered	NewRecovered	ActiveCases	Serious,Critical	Tot Cases/1M pop	Deaths/1M pop	TotalTests	Tests/1M pop	Population	Continent
0	USA	82211608	41390.0	1014587.0	443.0	80056155.0	36525.0	1140866.0	1559.0	245801.0	3033.0	994063483.0	2972108.0	334464117.0	North America
1	India	43039023	1007.0	521767.0	21.0	42506228.0	818.0	11028.0	698.0	30650.0	372.0	794525202.0	565821.0	1404198864.0	Asia
2	Brazil	30210853	26924.0	661710.0	158.0	29167518.0	41215.0	381625.0	8318.0	140350.0	3074.0	63776166.0	296283.0	215253965.0	South America
3	France	27310055	146426.0	143777.0	152.0	24492686.0	148476.0	2673592.0	1541.0	416750.0	2194.0	260504402.0	3975279.0	65531091.0	Europe
4	Germany	23116402	179888.0	132906.0	307.0	19179300.0	286200.0	3804196.0	1980.0	274341.0	1577.0	122332384.0	1451815.0	84261708.0	Europe
5	UK	21727688	31543.0	171046.0	651.0	19974579.0	82474.0	1582063.0	385.0	317091.0	2496.0	511698520.0	7467657.0	68521968.0	Europe
6	Russia	18030579	11754.0	372512.0	267.0	17299263.0	28135.0	358804.0	2300.0	123458.0	2551.0	273400000.0	1872012.0	146046055.0	Europe
7	S. Korea	15830644	195370.0	20034.0	184.0				1014.0	308302.0	390.0	15804065.0	307784.0	51347871.0	Asia
8	Italy	15468061	62703.0	161187.0	155.0	14078350.0	63318.0	1228524.0	449.0	256504.0	2673.0	207575724.0	3442196.0	60303282.0	Europe
9	Turkey	14978031	5529.0	98493.0	31.0	14688473.0	14493.0	191065.0	975.0	174249.0	1146.0	156514251.0	1820835.0	85957383.0	Asia
10	Spain	11662214		103266.0		11120708.0		438240.0	368.0	249261.0	2207.0	471036328.0	10067660.0	46787073.0	Europe
11	Vietnam	10351325	24752.0	42878.0	20.0	8770994.0	13887.0	1537453.0	1205.0	104664.0	434.0	85511551.0	864623.0	98900397.0	Asia
12	Argentina	9057923	1720.0	128285.0	17.0	8889899.0	1385.0	39739.0	424.0	197189.0	2793.0	35681964.0	776787.0	45935345.0	South America
13	Netherlands	8006749	4943.0	22137.0	20.0	7191958.0	45876.0	792654.0	106.0	465441.0	1287.0	21107399.0	1226997.0	17202485.0	Europe
14	Iran	7199861	2356.0	140711.0	33.0	6930509.0	3467.0	128641.0	1376.0	83807.0	1638.0	50079995.0	582936.0	85909914.0	Asia
15	Japan	7124030	51331.0	28765.0	44.0	6591109.0	44733.0	504156.0	468.0	56636.0	229.0	44996843.0	357725.0	125786031.0	Asia
16	Colombia	6088912	293.0	139734.0	5.0	5921849.0	99.0	27329.0	342.0	117433.0	2695.0	34204521.0	659682.0	51850003.0	South America
17	Indonesia	6036909	1551.0	155746.0	29.0	5814688.0	3022.0	66475.0	2771.0	21662.0	559.0	93593555.0	335844.0	278681282.0	Asia
18	Poland	5981478	1261.0	115736.0	40.0	5333871.0	55.0	531871.0	268.0	158355.0	3064.0	35895344.0	950299.0	37772692.0	Europe
19	Mexico	5723862	648.0	323805.0	78.0	5024561.0	1147.0	375496.0	4798.0	43578.0	2465.0	15683615.0	119405.0	131348341.0	North America
20	Australia	5206905	53286.0	6648.0	39.0	4756356.0	64289.0	443901.0	126.0	200054.0	255.0	67955995.0	2610934.0	26027464.0	Australia/Oceania
21	Ukraine	4988890	1605.0	108194.0	27.0				177.0	115309.0	2501.0	19521252.0	451199.0	43265262.0	Europe
22	Malaysia	4352611	10052.0	35363.0	22.0	4196656.0	15893.0	120592.0	161.0	131477.0	1068.0	57710125.0	1743222.0	33105427.0	Asia
23	Israel	4016919	5253.0	10601.0		3941841.0		64477.0	229.0	430723.0	1137.0	41373364.0	4436346.0	9326000.0	Asia
24	Austria	4016540	12471.0	16324.0	38.0	3839507.0	20269.0	160709.0	190.0	441473.0	1794.0	179853312.0	19768354.0	9098042.0	Europe
25	Belgium	3966741	8982.0	31142.0	30.0	3617043.0		318556.0	173.0	339631.0	2666.0	33220032.0	2844285.0	11679574.0	Europe
26	Thailand	3948869	23015.0	26398.0	106.0	3689792.0	27626.0	232679.0	1496.0	56322.0	377.0	17270775.0	246330.0	70112328.0	Asia
27	Czechia	3872535	4031.0	39948.0	9.0	3792429.0	2224.0	40158.0	69.0	360423.0	3718.0	54962034.0	5115407.0	10744411.0	Europe
28	South Africa	3735578	1659.0	100132.0	16.0	3624451.0	2354.0	10995.0	175.0	61600.0	1651.0	24116414.0	397685.0	60642047.0	Africa
29	Portugal	3709026	11373.0	21970.0	12.0				61.0	365649.0	2166.0	40534335.0	3996014.0	10143691.0	Europe
30	Philippines	3682080	230.0	59891.0	113.0	3597058.0	1241.0	25131.0	289.0	32822.0	534.0	29224500.0	260510.0	112181693.0	Asia
31	Canada	3604570	13969.0	38165.0	70.0	3361991.0	5352.0	204414.0	407.0	94035.0	996.0	60083036.0	1567427.0	38332273.0	North America
32	Peru	3553210	743.0	212547.0	19.0				382.0	105153.0	6290.0	29296629.0	867000.0	33790808.0	South America
33	Switzerland	3551790		13788.0	4.0	3105701.0		432301.0	103.0	405109.0	1573.0	20548491.0	2343714.0	8767492.0	Europe
34	Chile	3518800	2922.0	57098.0	4.0	3257514.0	12848.0	204188.0	379.0	181299.0	2942.0	36244665.0	1867432.0	19408825.0	South America
35	Greece	3206948	11061.0	28344.0	70.0	3023257.0	21033.0	155347.0	345.0	310382.0	2743.0	77162026.0	7468062.0	10332269.0	Europe
36	Denmark	2943116	2118.0	5945.0	13.0	2902283.0	4152.0	34888.0	22.0	504946.0	1020.0	127021135.0	21792817.0	5828578.0	Europe
37	Romania	2877544	1602.0	65285.0	27.0	2606660.0		205599.0	253.0	151379.0	3434.0	22396439.0	1178210.0	19008864.0	Europe
38	Sweden	2495996	681.0	18572.0		2450948.0	405.0	26476.0	22.0	244428.0	1819.0	18445431.0	1806327.0	10211568.0	Europe
39	Iraq	2322551	248.0	25188.0	2.0	2290436.0	598.0	6927.0	23.0	55522.0	602.0	18409261.0	440084.0	41831289.0	Asia
40	Serbia	1992677	1057.0	15906.0	7.0	1951872.0	3627.0	24899.0	26.0	229714.0	1834.0	9338695.0	1076555.0	8674613.0	Europe
41	Bangladesh	1952162	31.0	29124.0		1889879.0	274.0	33159.0	1283.0	11647.0	174.0	13905661.0	82962.0	167615256.0	Asia
42	Hungary	1876946	2740.0	45838.0	26.0	1742051.0	6122.0	89057.0	47.0	195178.0	4767.0	11233362.0	1168121.0	9616609.0	Europe
43	Slovakia	1757117	2538.0	19643.0	25.0	1683932.0	6767.0	53542.0	130.0	321560.0	3595.0	6995626.0	1280228.0	5464358.0	Europe
44	Jordan	1694216		14048.0		1678941.0		1227.0	124.0	163160.0	1353.0	16670254.0	1605416.0	10383760.0	Asia
45	Georgia	1652235	266.0	16781.0	2.0	1632194.0	348.0	3260.0		415603.0	4221.0	16627678.0	4182525.0	3975512.0	Asia
46	Pakistan	1526829	101.0	30362.0		1487073.0	113.0	9394.0	262.0	6681.0	133.0	27805841.0	121668.0	228538380.0	Asia
47	Ireland	1496910	2096.0	6919.0	16.0	1346830.0	2081.0	143161.0	58.0	297234.0	1374.0	11942846.0	2371428.0	5036141.0	Europe
48	Norway	1418431	800.0	2783.0					20.0	258045.0	506.0	11002430.0	2001593.0	5496837.0	Europe
49	Kazakhstan	1305327	12.0	13660.0		1290720.0	41.0	947.0	24.0	68067.0	712.0	11575012.0	603582.0	19177195.0	Asia
50	Hong Kong	1194295	1272.0	8948.0	62.0				115.0	157032.0	1177.0	44972952.0	5913256.0	7605447.0	Asia
51	Morocco	1164189	54.0	16061.0		1147424.0	69.0	704.0	293.0	30888.0	426.0	11237010.0	298138.0	37690682.0	Africa
52	Singapore	1148656	3535.0	1309.0	2.0	1079687.0	2885.0	67660.0	13.0	193624.0	221.0	23611604.0	3980115.0	5932393.0	Asia
53	Bulgaria	1147812	647.0	36756.0	16.0	944639.0	990.0	166417.0	131.0	167437.0	5362.0	9724468.0	1418557.0	6855181.0	Europe
54	Croatia	1110989	1142.0	15707.0	5.0	1089283.0	467.0	5999.0	27.0	273634.0	3869.0	4731537.0	1165367.0	4060125.0	Europe
55	Cuba	1098114	439.0	8519.0		1087352.0	622.0	2243.0	23.0	97056.0	753.0	12920253.0	1141941.0	11314287.0	North America
56	Lebanon	1095099	188.0	10353.0	3.0	1074880.0	629.0	9866.0	186.0	161735.0	1529.0	4795578.0	708259.0	6770942.0	Asia
57	Lithuania	1045108	1539.0	8991.0	9.0	997837.0	2594.0	38280.0	47.0	393701.0	3387.0	8157182.0	3072877.0	2654575.0	Europe
58	Tunisia	1038668		28509.0					29.0	86274.0	2368.0	4547755.0	377747.0	12039144.0	Africa
59	Slovenia	992632	1737.0	6545.0	4.0	959489.0	3148.0	26598.0	32.0	477354.0	3147.0	2630209.0	1264859.0	2079448.0	Europe
60	Nepal	978631	15.0	11951.0		966160.0	49.0	520.0		32544.0	397.0	5586487.0	185776.0	30071072.0	Asia
61	Belarus	971649	899.0	6885.0	3.0	928536.0		36228.0		102888.0	729.0	12987175.0	1375209.0	9443780.0	Europe
62	Finland	920692		3334.0		46000.0		871358.0	33.0	165709.0	600.0	10512930.0	1892152.0	5556070.0	Europe
63	Bolivia	903584	107.0	21899.0		850086.0	655.0	31599.0	220.0	75570.0	1831.0	2688875.0	224880.0	11956936.0	South America
64	Uruguay	894984	354.0	7188.0	2.0	884907.0	601.0	2889.0	31.0	256061.0	2057.0	6081466.0	1739948.0	3495199.0	South America
65	UAE	894523	237.0	2302.0		875602.0	486.0	16619.0		88536.0	228.0	151396113.0	14984545.0	10103484.0	Asia
66	Ecuador	865585		35513.0					759.0	47768.0	1960.0	2470170.0	136317.0	18120722.0	South America
67	Costa Rica	844892		8357.0		825599.0		10936.0	44.0	163199.0	1614.0	4163300.0	804181.0	5177071.0	North America
68	Guatemala	837087	853.0	17411.0	11.0	815470.0	1087.0	4206.0	5.0	45232.0	941.0	4345675.0	234820.0	18506374.0	North America
69	Latvia	811056	1139.0	5695.0	8.0	791297.0	2431.0	14064.0	14.0	438641.0	3080.0	7114713.0	3847831.0	1849019.0	Europe
70	New Zealand	795606	9548.0	497.0	14.0	729800.0	12625.0	65309.0		159054.0	99.0	6959067.0	1391229.0	5002100.0	Australia/Oceania
71	Azerbaijan	792305	16.0	9704.0	1.0	782416.0	41.0	185.0		76907.0	942.0	6755203.0	655708.0	10302149.0	Asia
72	Panama	767835	397.0	8178.0		757190.0	166.0	2467.0	9.0	173097.0	1844.0	5773749.0	1301606.0	4435867.0	North America
73	Saudi Arabia	752188	110.0	9062.0	2.0	738011.0	263.0	5115.0	66.0	21022.0	253.0	41704690.0	1165569.0	35780534.0	Asia
74	Sri Lanka	662748	31.0	16494.0	2.0	642530.0	14.0	3724.0		30721.0	765.0	6477329.0	300247.0	21573365.0	Asia
75	Paraguay	648446		18734.0		624673.0		5039.0	3.0	88965.0	2570.0	2615453.0	358834.0	7288764.0	South America
76	Kuwait	630641		2555.0		626843.0		1243.0	4.0	143878.0	583.0	7948416.0	1813390.0	4383180.0	Asia
77	Myanmar	612460	54.0	19434.0		591139.0	110.0	1887.0		11123.0	353.0	7805688.0	141766.0	55060279.0	Asia
78	Palestine	581678		5352.0		575613.0		713.0	17.0	109487.0	1007.0	3078533.0	579458.0	5312781.0	Asia
79	Dominican Republic	578626		4375.0		574132.0		119.0	16.0	52403.0	396.0	3251191.0	294441.0	11041897.0	North America
80	Estonia	565838	626.0	2501.0	3.0	498248.0	1498.0	65089.0	6.0	426042.0	1883.0	3284564.0	2473082.0	1328126.0	Europe
81	Bahrain	561525	460.0	1473.0		555813.0	667.0	4239.0	3.0	310759.0	815.0	9662134.0	5347218.0	1806946.0	Asia
82	Venezuela	521714	96.0	5698.0	1.0	514413.0	125.0	1603.0	230.0	18440.0	201.0	3359014.0	118726.0	28292265.0	South America
83	Moldova	515804	155.0	11474.0	3.0	502452.0	261.0	1878.0	47.0	128397.0	2856.0	3192777.0	794768.0	4017244.0	Europe
84	Egypt	511977		24522.0		442182.0		45273.0	122.0	4840.0	232.0	3693367.0	34917.0	105775222.0	Africa
85	Libya	501834		6429.0		490837.0		4568.0	101.0	71305.0	913.0	2475203.0	351696.0	7037896.0	Africa
86	Ethiopia	470151	43.0	7509.0		453597.0	11.0	9045.0	17.0	3917.0	63.0	4718531.0	39308.0	120038795.0	Africa
87	Mongolia	469236	45.0	2177.0		313256.0		153803.0	192.0	139140.0	646.0	4030048.0	1195004.0	3372414.0	Asia
88	Cyprus	462945	1414.0	989.0	2.0	124370.0		337586.0	60.0	378522.0	809.0	9477138.0	7748882.0	1223033.0	Asia
89	Armenia	422711	20.0	8621.0		410387.0	22.0	3703.0		142178.0	2900.0	3005711.0	1010962.0	2973120.0	Asia
90	Honduras	421268		10888.0		131100.0		279280.0	105.0	41360.0	1069.0	1263329.0	124032.0	10185468.0	North America
91	Oman	388763	22.0	4257.0	1.0	383809.0	33.0	697.0	5.0	72828.0	797.0	25000000.0	4683326.0	5338087.0	Asia
92	Bosnia and Herzegovina	376339	75.0	15744.0	2.0	192218.0		168377.0		115995.0	4853.0	1747008.0	538464.0	3244431.0	Europe
93	Qatar	363139	108.0	677.0		361291.0	153.0	1171.0	1.0	129332.0	241.0	3419116.0	1217718.0	2807805.0	Asia
94	Réunion	360445		731.0		342442.0		17272.0	10.0	397532.0	806.0	1603660.0	1768666.0	906706.0	Africa
95	Kenya	323588	5.0	5649.0		317801.0		138.0		5791.0	101.0	3557516.0	63661.0	55882487.0	Africa
96	Zambia	318113	309.0	3969.0	2.0	313194.0	121.0	950.0		16481.0	206.0	3390279.0	175649.0	19301428.0	Africa
97	North Macedonia	308152	185.0	9256.0		297724.0	124.0	1172.0		147921.0	4443.0	1988999.0	954771.0	2083221.0	Europe
98	Botswana	305859		2688.0		303026.0		145.0	1.0	125544.0	1103.0	2026898.0	831968.0	2436268.0	Africa
99	Albania	274320	84.0	3494.0		270474.0	96.0	352.0	2.0	95509.0	1216.0	1789363.0	622995.0	2872193.0	Europe
100	Algeria	265731	1.0	6874.0		178327.0		80530.0	6.0	5871.0	152.0	230861.0	5100.0	45262694.0	Africa
101	Nigeria	255633		3142.0		249825.0		2666.0	11.0	1188.0	15.0	4977858.0	23126.0	215245373.0	Africa
102	Zimbabwe	247160	66.0	5460.0		240754.0	170.0	946.0	12.0	16209.0	358.0	2221896.0	145711.0	15248698.0	Africa
103	Uzbekistan	238145	47.0	1637.0		236057.0	28.0	451.0	23.0	6936.0	48.0	1377915.0	40133.0	34334066.0	Asia
104	Montenegro	233908	74.0	2708.0		230749.0	73.0	451.0	6.0	372342.0	4311.0	2435107.0	3876275.0	628208.0	Europe
105	Luxembourg	227528	1189.0	1052.0	1.0	211131.0	1105.0	15345.0	3.0	353230.0	1633.0	4195400.0	6513231.0	644135.0	Europe
106	Mozambique	225304	3.0	2200.0		223058.0		46.0	13.0	6866.0	67.0	1304157.0	39742.0	32815874.0	Africa
107	Kyrgyzstan	200970		2991.0		196303.0		1676.0	131.0	29924.0	445.0	1907195.0	283974.0	6716101.0	Asia
108	Laos	198346	957.0	707.0	5.0	7660.0		189979.0		26574.0	95.0	1230778.0	164900.0	7463801.0	Asia
109	Iceland	183974		110.0		75685.0		108179.0	1.0	532961.0	319.0	1953616.0	5659505.0	345192.0	Europe
110	Maldives	178313		298.0		163687.0		14328.0	25.0	319834.0	535.0	2213831.0	3970876.0	557517.0	Asia
111	Afghanistan	178296	39.0	7676.0		161417.0	54.0	9203.0	1124.0	4403.0	190.0	932511.0	23030.0	40491001.0	Asia
112	China	168362	1513.0	4638.0		141898.0	1678.0	21826.0	87.0	117.0	3.0	160000000.0	111163.0	1439323776.0	Asia
113	Uganda	164024	12.0	3596.0		100200.0		60228.0		3395.0	74.0	2596017.0	53731.0	48314812.0	Africa
114	El Salvador	162089		4124.0		150662.0		7303.0	8.0	24767.0	630.0	1950448.0	298025.0	6544570.0	North America
115	Ghana	161086	15.0	1445.0		159607.0	15.0	34.0	1.0	4998.0	45.0	2429358.0	75378.0	32229121.0	Africa
116	Namibia	157896		4021.0		153069.0		806.0		60198.0	1533.0	991139.0	377873.0	2622939.0	Africa
117	Martinique	147519		918.0		104.0		146497.0	8.0	393651.0	2450.0	828928.0	2211973.0	374746.0	North America
118	Trinidad and Tobago	141155	374.0	3792.0	5.0	131219.0	691.0	6144.0	18.0	100283.0	2694.0	686393.0	487644.0	1407570.0	North America
119	Guadeloupe	140130		854.0		2250.0		137026.0	19.0	350110.0	2134.0	938039.0	2343656.0	400246.0	North America
120	Brunei	139278	217.0	216.0		136663.0	350.0	2399.0		313020.0	485.0	717784.0	1613183.0	444949.0	Asia
121	Cambodia	135998	18.0	3055.0		132689.0	23.0	254.0		7938.0	178.0	2939061.0	171559.0	17131529.0	Asia
122	Rwanda	129755	4.0	1458.0		45522.0		82775.0	1.0	9594.0	108.0	5178134.0	382872.0	13524439.0	Africa
123	Jamaica	129108	15.0	2919.0	2.0	82176.0	82.0	44013.0		43264.0	978.0	957157.0	320740.0	2984217.0	North America
124	Cameroon	119780		1927.0		117791.0		62.0	13.0	4321.0	70.0	1751774.0	63187.0	27723536.0	Africa
125	Angola	99194		1900.0		97149.0		145.0		2860.0	55.0	1499795.0	43237.0	34687890.0	Africa
126	Malta	87441	408.0	669.0	2.0	77693.0	702.0	9079.0	4.0	197099.0	1508.0	1847584.0	4164602.0	443640.0	Europe
127	DRC	86748		1337.0		50930.0		34481.0		919.0	14.0	846704.0	8968.0	94413020.0	Africa
128	Senegal	85954	2.0	1965.0		83970.0	3.0	19.0		4903.0	112.0	1057173.0	60306.0	17530267.0	Africa
129	Malawi	85713	6.0	2628.0		81889.0	229.0	1196.0	67.0	4283.0	131.0	567431.0	28356.0	20010914.0	Africa
130	Ivory Coast	81838	4.0	797.0		81004.0	3.0	37.0		2971.0	29.0	1485035.0	53918.0	27542434.0	Africa
131	French Guiana	79529		394.0		11254.0		67881.0	4.0	254510.0	1261.0	613484.0	1963281.0	312479.0	South America
132	Suriname	79276	35.0	1325.0		49395.0	3.0	28556.0		133012.0	2223.0	235707.0	395478.0	596005.0	South America
133	French Polynesia	72596	26.0	648.0					7.0	255796.0	2283.0			283804.0	Australia/Oceania
134	Channel Islands	72213	224.0	164.0		70116.0	177.0	1933.0		408627.0	928.0	1252269.0	7086136.0	176721.0	Europe
135	Eswatini	70048	34.0	1395.0		68567.0	13.0	86.0	11.0	59283.0	1181.0	1008368.0	853403.0	1181585.0	Africa
136	Fiji	64502	3.0	862.0		62662.0	18.0	978.0		71035.0	949.0	506083.0	557342.0	908029.0	Australia/Oceania
137	Madagascar	64089		1390.0		59355.0		3344.0	14.0	2213.0	48.0	415532.0	14349.0	28959701.0	Africa
138	Barbados	63357	389.0	381.0	2.0	59521.0		3455.0		219988.0	1323.0	626701.0	2176030.0	288002.0	North America
139	Guyana	63349	9.0	1227.0	1.0	62024.0	19.0	98.0	1.0	79853.0	1547.0	580888.0	732223.0	793321.0	South America
140	Sudan	62057	23.0	4929.0	4.0					1359.0	108.0	562941.0	12325.0	45674042.0	Africa
141	New Caledonia	60385		312.0		60011.0		62.0	9.0	207943.0	1074.0	98964.0	340795.0	290392.0	Australia/Oceania
142	Mauritania	58680	1.0	982.0		57686.0	1.0	12.0		12056.0	202.0	791559.0	162622.0	4867464.0	Africa
143	Belize	57331	13.0	672.0		56473.0	7.0	186.0	6.0	139662.0	1637.0	529581.0	1290097.0	410497.0	North America
144	Cabo Verde	55978	4.0	401.0		55514.0	2.0	63.0	23.0	98769.0	708.0	400982.0	707505.0	566755.0	Africa
145	Syria	55756	6.0	3148.0	1.0	51893.0	14.0	715.0		3054.0	172.0	146269.0	8011.0	18258360.0	Asia
146	Gabon	47588		303.0		47270.0		15.0		20518.0	131.0	1589113.0	685158.0	2319339.0	Africa
147	Bhutan	47187	2131.0	14.0		37034.0	1611.0	10139.0	7.0	59976.0	18.0	2203246.0	2800408.0	786759.0	Asia
148	Papua New Guinea	43615		649.0		42906.0		60.0	7.0	4716.0	70.0	249149.0	26937.0	9249156.0	Australia/Oceania
149	Curaçao	41153		270.0		40306.0		577.0	3.0	248975.0	1633.0	494095.0	2989261.0	165290.0	North America
150	Seychelles	40866		164.0		39963.0		739.0		410990.0	1649.0			99433.0	Africa
151	Andorra	40709	381.0	153.0		39999.0	297.0	557.0	14.0	525379.0	1975.0	249838.0	3224340.0	77485.0	Europe
152	Burundi	38698		38.0		773.0		37887.0		3090.0	3.0	345742.0	27611.0	12521817.0	Africa
153	Mauritius	37210	34.0	985.0		35090.0	88.0	1135.0		29172.0	772.0	358675.0	281196.0	1275532.0	Africa
154	Mayotte	36958		187.0		2964.0		33807.0		129884.0	657.0	176919.0	621757.0	284547.0	Africa
155	Togo	36957		272.0		36659.0		26.0		4285.0	32.0	723005.0	83831.0	8624551.0	Africa
156	Guinea	36459		440.0		35976.0		43.0	8.0	2648.0	32.0	660107.0	47946.0	13767603.0	Africa
157	Faeroe Islands	34658		28.0		7693.0		26937.0	5.0	704517.0	569.0	778000.0	15814937.0	49194.0	Europe
158	Aruba	34189		212.0		33893.0		84.0	2.0	317818.0	1971.0	177885.0	1653606.0	107574.0	North America
159	Tanzania	33851		803.0					7.0	539.0	13.0			62766105.0	Africa
160	Bahamas	33368	2.0	789.0		32253.0	9.0	326.0	11.0	83431.0	1973.0	229025.0	572641.0	399945.0	North America
161	Lesotho	32910		697.0		24155.0		8058.0		15148.0	321.0	431221.0	198488.0	2172534.0	Africa
162	Mali	30602	13.0	729.0		29689.0	16.0	184.0		1437.0	34.0	657234.0	30870.0	21290208.0	Africa
163	Haiti	30586		835.0		29100.0		651.0		2625.0	72.0	132422.0	11366.0	11650389.0	North America
164	Taiwan	29592	932.0	854.0		21473.0	139.0	7265.0		1238.0	36.0	13482923.0	564289.0	23893650.0	Asia
165	Isle of Man	28416		87.0		26794.0		1535.0		331054.0	1014.0	150753.0	1756312.0	85835.0	Europe
166	Benin	26952		163.0		25506.0		1283.0	5.0	2124.0	13.0	604310.0	47624.0	12689095.0	Africa
167	Somalia	26471		1350.0		13182.0		11939.0		1587.0	81.0	400466.0	24004.0	16683375.0	Africa
168	Congo	24079		385.0		20178.0		3516.0		4180.0	67.0	347815.0	60383.0	5760155.0	Africa
169	Saint Lucia	23045		365.0		22616.0		64.0	1.0	124484.0	1972.0	141332.0	763445.0	185124.0	North America
170	Timor-Leste	22848	4.0	130.0		22703.0		15.0		16760.0	95.0	259788.0	190571.0	1363211.0	Asia
171	Cayman Islands	21121		25.0		8553.0		12543.0	1.0	314778.0	373.0	222773.0	3320114.0	67098.0	North America
172	Burkina Faso	20853		382.0		20439.0		32.0		951.0	17.0	248995.0	11357.0	21924711.0	Africa
173	Nicaragua	18491		225.0		4225.0		14041.0		2733.0	33.0			6765095.0	North America
174	Tajikistan	17388		124.0		17264.0		0.0		1753.0	13.0			9919478.0	Asia
175	South Sudan	17362	6.0	138.0		13514.0		3710.0	1.0	1519.0	12.0	369176.0	32305.0	11427741.0	Africa
176	Gibraltar	17236		101.0		16579.0		556.0		511864.0	2999.0	534283.0	15866807.0	33673.0	Europe
177	Liechtenstein	16865	31.0	84.0		16432.0	36.0	349.0	1.0	440075.0	2192.0	102174.0	2666127.0	38323.0	Europe
178	Equatorial Guinea	15906	2.0	183.0		15697.0	1.0	26.0	5.0	10710.0	123.0	307847.0	207289.0	1485107.0	Africa
179	San Marino	15683		114.0		15225.0		344.0	4.0	460479.0	3347.0	147532.0	4331787.0	34058.0	Europe
180	Djibouti	15598	3.0	189.0		15404.0		5.0		15388.0	186.0	301567.0	297516.0	1013617.0	Africa
181	CAR	14649		113.0		6859.0		7677.0	2.0	2942.0	23.0	81294.0	16326.0	4979475.0	Africa
182	Grenada	14092	28.0	219.0		13807.0	14.0	66.0	4.0	124210.0	1930.0	145920.0	1286171.0	113453.0	North America
183	Bermuda	12711		129.0		12362.0		220.0		205454.0	2085.0	848492.0	13714554.0	61868.0	North America
184	Solomon Islands	12285		139.0		11057.0		1089.0	2.0	17136.0	194.0	5117.0	7138.0	716905.0	Australia/Oceania
185	Gambia	11990		365.0		11591.0		34.0		4725.0	144.0	155686.0	61350.0	2537653.0	Africa
186	Dominica	11986	5.0	63.0		11897.0	10.0	26.0		165770.0	871.0	187245.0	2589655.0	72305.0	North America
187	Greenland	11971		21.0		2761.0		9189.0	4.0	210217.0	369.0	164926.0	2896182.0	56946.0	North America
188	Yemen	11815	1.0	2147.0		9000.0		668.0	23.0	381.0	69.0	265253.0	8557.0	30996845.0	Asia
189	Monaco	11299	38.0	54.0		11018.0	28.0	227.0	4.0	284337.0	1359.0	54960.0	1383059.0	39738.0	Europe
190	Saint Martin	10176		63.0		1399.0		8714.0	7.0	255409.0	1581.0	112382.0	2820692.0	39842.0	North America
191	Sint Maarten	9909	21.0	86.0		9740.0	6.0	83.0	10.0	226522.0	1966.0	62056.0	1418617.0	43744.0	North America
192	Eritrea	9733	1.0	103.0		9626.0	1.0	4.0		2678.0	28.0	23693.0	6520.0	3633938.0	Africa
193	Caribbean Netherlands	9346	5.0	34.0		8987.0		325.0		350589.0	1275.0	30126.0	1130092.0	26658.0	North America
194	Niger	8846		308.0		8488.0		50.0	1.0	343.0	12.0	244837.0	9502.0	25767619.0	Africa
195	Tonga	8761	202.0	11.0		6900.0	128.0	1850.0		81248.0	102.0	319471.0	2962701.0	107831.0	Australia/Oceania
196	Guinea-Bissau	8175		170.0		7280.0		725.0	6.0	3986.0	83.0	131390.0	64064.0	2050903.0	Africa
197	Comoros	8100		160.0		7933.0		7.0		8974.0	177.0			902620.0	Africa
198	Sierra Leone	7680	3.0	125.0						929.0	15.0	259958.0	31448.0	8266151.0	Africa
199	Antigua and Barbuda	7523		135.0		7367.0		21.0	1.0	75703.0	1358.0	18901.0	190199.0	99375.0	North America
200	Liberia	7402		294.0		5747.0		1361.0	2.0	1405.0	56.0	139824.0	26534.0	5269555.0	Africa
201	Chad	7378		192.0		4874.0		2312.0		427.0	11.0	191341.0	11082.0	17265762.0	Africa
202	St. Vincent Grenadines	6748		106.0		6640.0	1.0	2.0		60483.0	950.0	98708.0	884734.0	111568.0	North America
203	British Virgin Islands	6162		62.0					1.0	201438.0	2027.0	102294.0	3344034.0	30590.0	North America
204	Sao Tome and Principe	5948		73.0		5872.0		3.0		26270.0	322.0	29036.0	128243.0	226414.0	Africa
205	Turks and Caicos	5936	13.0	36.0		5862.0	3.0	38.0	4.0	149706.0	908.0	447713.0	11291342.0	39651.0	North America
206	Vanuatu	5565	29.0	6.0		4264.0		1295.0	4.0	17394.0	19.0	24976.0	78065.0	319937.0	Australia/Oceania
207	Saint Kitts and Nevis	5554		43.0		5508.0	1.0	3.0		103100.0	798.0	65141.0	1209226.0	53870.0	North America
208	St. Barth	4313		6.0						434297.0	604.0	78646.0	7919243.0	9931.0	North America
209	Palau	4122		6.0		3803.0		313.0		225888.0	329.0	42138.0	2309185.0	18248.0	Australia/Oceania
210	Samoa	4092		9.0		1605.0		2478.0	3.0	20382.0	45.0	32653.0	162643.0	200765.0	Australia/Oceania
211	Cook Islands	3688	104.0			3049.0	159.0	639.0		209629.0		14341.0	815154.0	17593.0	Australia/Oceania
212	Kiribati	3069		13.0		2595.0		461.0	3.0	25009.0	106.0			122716.0	Australia/Oceania
213	Anguilla	2731		9.0		2716.0		6.0	4.0	179176.0	590.0	51382.0	3371080.0	15242.0	North America
214	Saint Pierre Miquelon	2537	28.0	1.0		2449.0	88.0	87.0	1.0	441678.0	174.0	22941.0	3993907.0	5744.0	North America
215	Diamond Princess	712		13.0		699.0		0.0							
216	Wallis and Futuna	454		7.0		438.0		9.0		41697.0	643.0	20508.0	1883542.0	10888.0	Australia/Oceania
217	Montserrat	176		2.0		173.0		1.0		35221.0	400.0	9403.0	1881729.0	4997.0	North America
218	Falkland Islands	128								34963.0		8632.0	2357826.0	3661.0	South America
219	Macao	82				82.0		0.0		123.0		5375.0	8081.0	665118.0	Asia
220	Vatican City	29				29.0		0.0		36025.0				805.0	Europe
221	Western Sahara	10		1.0		8.0		1.0		16.0	2.0			623514.0	Africa
222	MS Zaandam	9		2.0		7.0		0.0							
223	Marshall Islands	7				7.0		0.0		117.0				59902.0	Australia/Oceania
224	Niue	7				7.0		0.0		4253.0				1646.0	Australia/Oceania
225	Nauru	3				3.0		0.0		274.0				10945.0	Australia/Oceania
226	Saint Helena	2				2.0		0.0		327.0				6109.0	Africa
227	Micronesia	1				1.0		0.0		9.0				117173.0	Australia/Oceania
